,SNPID,CHR,BP,P
11445981,16:53668070:C:CA,16,53668070,0.000538846
11445982,16:53668214:T:G,16,53668214,0.000386268
11445983,16:53668575:C:G,16,53668575,0.000214059
11445984,16:53668653:C:T,16,53668653,9.54919e-11
11445985,16:53669178:A:T,16,53669178,8.35022e-09
11445987,16:53670641:G:A,16,53670641,0.00037697
11445988,16:53671754:C:T,16,53671754,0.000184852
11445990,16:53672355:C:T,16,53672355,0.089597
11445991,16:53672588:T:C,16,53672588,0.000386963
11445994,16:53673135:G:A,16,53673135,0.325731
11445995,16:53673320:A:T,16,53673320,0.000386956
11446003,16:53675492:C:A,16,53675492,0.000365526
11446006,16:53676098:AT:A,16,53676098,0.000782965
11446007,16:53676273:G:A,16,53676273,0.00117645
11446009,16:53677262:T:TTA,16,53677262,0.000505869
11446014,16:53678429:G:A,16,53678429,0.000365491
11446027,16:53681237:G:A,16,53681237,0.000401465
11446029,16:53681800:G:A,16,53681800,0.000364062
11446030,16:53682515:C:T,16,53682515,0.000362293
11446032,16:53682536:G:A,16,53682536,0.0265542
11446033,16:53682538:G:A,16,53682538,0.0265542
11446034,16:53682708:CTT:C,16,53682708,0.540257
11446035,16:53682785:G:A,16,53682785,0.000365104
11446046,16:53685739:C:T,16,53685739,0.093015
11446050,16:53686066:T:C,16,53686066,0.000221105
11446051,16:53686308:A:G,16,53686308,0.000396214
11446058,16:53687379:G:T,16,53687379,0.000207607
11446062,16:53688494:T:C,16,53688494,0.113439
11446066,16:53689640:A:G,16,53689640,0.000425012
11446067,16:53689678:C:A,16,53689678,0.0895452
11446070,16:53689887:T:C,16,53689887,5.63626e-08
11446075,16:53692034:C:T,16,53692034,9.4537e-08
11446076,16:53692199:T:C,16,53692199,0.000220826
11446077,16:53692238:C:T,16,53692238,0.000416333
11446083,16:53693958:T:C,16,53693958,0.000400644
11446086,16:53694512:G:A,16,53694512,0.000422406
11446093,16:53696990:A:G,16,53696990,0.000395518
11446094,16:53697024:T:C,16,53697024,0.0905655
11446095,16:53697167:A:ATAACT,16,53697167,0.000151552
11446100,16:53698676:T:C,16,53698676,0.000207867
11446101,16:53698715:C:T,16,53698715,0.000417422
11446104,16:53699003:G:A,16,53699003,3.00395e-06
11446109,16:53700506:A:G,16,53700506,0.0140626
11446110,16:53700508:A:G,16,53700508,0.000707445
11446113,16:53701163:C:T,16,53701163,0.000424573
11446116,16:53701978:C:CT,16,53701978,3.09335e-08
11446117,16:53702314:G:C,16,53702314,0.000424316
11446119,16:53703800:C:T,16,53703800,0.000424321
11446123,16:53706235:TAA:T,16,53706235,0.00707014
11446125,16:53707417:A:AAT,16,53707417,0.125001
11446132,16:53710873:A:C,16,53710873,0.000238884
11446135,16:53712061:A:T,16,53712061,0.161477
11446136,16:53712068:C:A,16,53712068,0.129068
11446137,16:53712135:A:G,16,53712135,5.53323e-11
11446138,16:53712628:A:C,16,53712628,0.000412791
11446141,16:53713406:T:C,16,53713406,0.0299676
11446149,16:53715309:C:T,16,53715309,0.855757
11446150,16:53715343:GAATTT:G,16,53715343,0.000845536
11446152,16:53716482:A:ACAGG,16,53716482,0.000420833
11446154,16:53717174:A:T,16,53717174,0.000411187
11446157,16:53717655:GA:G,16,53717655,0.000333185
11446160,16:53718009:A:G,16,53718009,0.000247292
11446164,16:53718530:A:G,16,53718530,0.000244168
11446173,16:53720124:C:T,16,53720124,0.000367081
11446182,16:53721906:C:T,16,53721906,0.000422287
11446185,16:53722750:T:C,16,53722750,8.25449e-08
11446186,16:53722974:CTA:C,16,53722974,0.000784345
11446190,16:53724520:C:T,16,53724520,5.11549e-08
11446191,16:53724768:C:A,16,53724768,0.853767
11446195,16:53724970:A:G,16,53724970,0.00365725
11446200,16:53726822:A:C,16,53726822,5.87674e-08
11446202,16:53727659:A:G,16,53727659,2.03098e-05
11446203,16:53727849:A:G,16,53727849,1.28838e-07
11446205,16:53728040:G:A,16,53728040,0.000378535
11446206,16:53728210:A:G,16,53728210,0.000439186
11446217,16:53730602:A:G,16,53730602,0.000397459
11446218,16:53730700:T:A,16,53730700,0.000196922
11446220,16:53730791:C:G,16,53730791,0.000196536
11446223,16:53731010:T:G,16,53731010,0.103338
11446224,16:53731223:ATCTCCC:A,16,53731223,2.698e-08
11446226,16:53731322:A:G,16,53731322,0.00122532
11446229,16:53731439:GGTTTTC:G,16,53731439,0.00047056
11446231,16:53731882:C:T,16,53731882,0.000430007
11446233,16:53732116:G:A,16,53732116,0.000433259
11446234,16:53732168:G:A,16,53732168,1.50777e-07
11446235,16:53732186:G:T,16,53732186,6.39115e-11
11446238,16:53732308:T:C,16,53732308,0.000198677
11446239,16:53732311:T:C,16,53732311,0.000198677
11446241,16:53732394:A:G,16,53732394,0.000209738
11446242,16:53732426:G:A,16,53732426,0.000429794
11446243,16:53732456:A:G,16,53732456,0.102968
11446244,16:53732475:G:A,16,53732475,0.000435741
11446245,16:53732615:C:T,16,53732615,0.771641
11446247,16:53733687:G:A,16,53733687,6.07282e-08
11446249,16:53733729:CAAAAAAAA:C,16,53733729,0.39796
11446250,16:53734221:C:T,16,53734221,0.000207983
11446255,16:53735383:A:G,16,53735383,0.0915416
11446257,16:53736599:C:CT,16,53736599,0.759286
11446258,16:53736840:T:C,16,53736840,1.30445e-08
11446261,16:53736998:T:A,16,53736998,2.46328e-05
11446262,16:53737000:A:G,16,53737000,0.786615
11446265,16:53738283:A:T,16,53738283,1.0172e-07
11446270,16:53739587:A:G,16,53739587,3.28363e-05
11446271,16:53739773:A:C,16,53739773,0.509196
11446273,16:53740580:G:A,16,53740580,3.17968e-05
11446274,16:53740988:T:C,16,53740988,2.9386e-05
11446276,16:53741926:T:C,16,53741926,3.21406e-05
11446285,16:53746857:GT:G,16,53746857,0.809857
11446286,16:53746875:G:A,16,53746875,0.470993
11446289,16:53747858:A:G,16,53747858,0.586419
11446290,16:53748969:T:G,16,53748969,2.5036e-05
11446291,16:53749128:A:G,16,53749128,2.16284e-05
11446292,16:53749449:T:A,16,53749449,2.08964e-05
11446293,16:53749518:T:C,16,53749518,2.25123e-05
11446295,16:53750137:G:A,16,53750137,2.12301e-05
11446298,16:53751546:T:C,16,53751546,2.17305e-05
11446307,16:53755146:A:G,16,53755146,1.23785e-16
11446308,16:53755177:A:G,16,53755177,1.0814200000000001e-23
11446309,16:53756033:C:T,16,53756033,1.01606e-16
11446310,16:53756133:T:C,16,53756133,8.37509e-17
11446311,16:53756137:C:T,16,53756137,8.46716e-17
11446317,16:53756885:A:G,16,53756885,0.000647824
11446324,16:53759123:C:T,16,53759123,8.59054e-07
11446325,16:53760087:C:CAG,16,53760087,2.97349e-33
11446332,16:53762951:C:T,16,53762951,0.335432
11446333,16:53763420:G:GA,16,53763420,4.9865700000000004e-24
11446334,16:53763565:C:T,16,53763565,7.99083e-07
11446338,16:53764620:G:A,16,53764620,0.00184839
11446339,16:53764849:G:T,16,53764849,8.75944e-07
11446341,16:53765639:C:G,16,53765639,0.000128321
11446348,16:53767959:C:T,16,53767959,0.00149627
11446350,16:53768174:T:G,16,53768174,0.00155827
11446351,16:53768592:A:G,16,53768592,0.000138608
11446352,16:53769010:A:G,16,53769010,0.000834905
11446354,16:53769293:G:A,16,53769293,1.7363400000000002e-24
11446356,16:53769677:G:A,16,53769677,1.3953600000000002e-24
11446360,16:53770578:A:T,16,53770578,0.00186324
11446361,16:53770749:C:A,16,53770749,4.00974e-17
11446362,16:53770753:G:A,16,53770753,0.000153977
11446364,16:53771583:T:C,16,53771583,0.00924289
11446368,16:53771937:C:CT,16,53771937,5.44659e-14
11446369,16:53772346:A:G,16,53772346,1.83035e-17
11446370,16:53772626:T:A,16,53772626,1.54151e-17
11446372,16:53772994:T:C,16,53772994,9.4915e-07
11446373,16:53773047:G:A,16,53773047,9.9336e-07
11446374,16:53773104:C:G,16,53773104,0.0778319
11446375,16:53773114:C:CTATT,16,53773114,6.00533e-24
11446381,16:53773249:C:T,16,53773249,1.20036e-12
11446382,16:53773258:T:C,16,53773258,7.282e-11
11446383,16:53773283:GT:G,16,53773283,0.00182501
11446384,16:53773354:C:T,16,53773354,1.69649e-05
11446385,16:53773405:T:C,16,53773405,0.000223822
11446392,16:53774903:A:T,16,53774903,0.815518
11446393,16:53774906:C:G,16,53774906,0.797903
11446395,16:53775218:G:A,16,53775218,7.11805e-05
11446396,16:53775940:A:G,16,53775940,0.394019
11446399,16:53778746:C:CT,16,53778746,8.919450000000001e-23
11446400,16:53779005:G:A,16,53779005,0.798054
11446401,16:53779869:T:TC,16,53779869,0.776459
11446403,16:53780102:C:T,16,53780102,0.418095
11446405,16:53781464:G:A,16,53781464,0.743183
11446407,16:53782978:T:C,16,53782978,0.749527
11446410,16:53783580:T:A,16,53783580,0.000142525
11446412,16:53784911:G:A,16,53784911,9.48549e-12
11446414,16:53785010:C:T,16,53785010,0.683704
11446415,16:53785095:A:AG,16,53785095,0.746272
11446419,16:53786446:T:C,16,53786446,0.0265299
11446421,16:53786752:C:G,16,53786752,0.000223533
11446424,16:53787630:T:C,16,53787630,8.40398e-05
11446426,16:53788849:A:G,16,53788849,1.789e-06
11446429,16:53789613:G:T,16,53789613,0.455138
11446431,16:53789999:C:T,16,53789999,2.09631e-21
11446432,16:53790181:C:G,16,53790181,3.96709e-22
11446433,16:53790402:C:T,16,53790402,2.7700700000000004e-18
11446436,16:53790762:C:T,16,53790762,8.46715e-22
11446437,16:53790840:G:A,16,53790840,2.0257900000000003e-18
11446438,16:53790906:G:A,16,53790906,2.96412e-23
11446439,16:53791001:TA:T,16,53791001,0.544153
11446440,16:53791411:G:A,16,53791411,6.94561e-22
11446441,16:53791653:C:A,16,53791653,0.454723
11446442,16:53791798:G:A,16,53791798,2.16605e-23
11446444,16:53792439:C:T,16,53792439,1.4982200000000001e-18
11446445,16:53792464:T:C,16,53792464,1.75448e-16
11446446,16:53792821:TA:T,16,53792821,2.4635199999999998e-22
11446447,16:53792922:A:G,16,53792922,9.39092e-22
11446448,16:53793204:A:G,16,53793204,0.77993
11446450,16:53793599:CCTT:C,16,53793599,0.693174
11446451,16:53793798:T:C,16,53793798,5.8955400000000006e-24
11446452,16:53793814:G:GTCTAGGCGC,16,53793814,0.343035
11446453,16:53794082:C:T,16,53794082,0.78231
11446454,16:53794394:G:A,16,53794394,0.790905
11446455,16:53794404:C:T,16,53794404,0.000186619
11446456,16:53794469:G:C,16,53794469,5.311160000000001e-24
11446457,16:53794528:G:T,16,53794528,0.000187048
11446458,16:53794758:G:C,16,53794758,7.40579e-24
11446459,16:53794830:C:A,16,53794830,0.436858
11446460,16:53794855:A:G,16,53794855,0.534815
11446461,16:53794856:T:A,16,53794856,0.534849
11446462,16:53794905:TTTTTC:T,16,53794905,0.164686
11446463,16:53795027:G:C,16,53795027,0.81358
11446464,16:53795175:A:AT,16,53795175,6.58951e-08
11446465,16:53795409:G:C,16,53795409,0.425698
11446466,16:53795636:A:G,16,53795636,0.304586
11446467,16:53795665:CAACT:C,16,53795665,0.240944
11446470,16:53796884:AAT:A,16,53796884,2.25718e-16
11446471,16:53796896:T:TA,16,53796896,7.98178e-17
11446472,16:53797057:G:A,16,53797057,0.797786
11446473,16:53797162:A:AT,16,53797162,0.00298968
11446474,16:53797183:C:A,16,53797183,0.0575029
11446475,16:53797452:G:A,16,53797452,0.104122
11446477,16:53797518:T:C,16,53797518,0.00237426
11446478,16:53797565:A:G,16,53797565,9.27849e-51
11446479,16:53797908:C:G,16,53797908,8.591209999999999e-143
11446480,16:53798319:G:A,16,53798319,7.83838e-176
11446481,16:53798523:G:A,16,53798523,3.2159e-150
11446482,16:53798568:TA:T,16,53798568,6.4002e-05
11446483,16:53798622:G:T,16,53798622,6.50699e-187
11446484,16:53798630:C:CT,16,53798630,1.55203e-18
11446485,16:53799269:GACC:G,16,53799269,7.4294299999999995e-196
11446486,16:53799278:G:GT,16,53799278,3.37101e-200
11446487,16:53799279:G:T,16,53799279,6.82797e-200
11446488,16:53799296:C:T,16,53799296,6.21674e-196
11446489,16:53799303:C:T,16,53799303,7.53946e-196
11446490,16:53799469:C:CA,16,53799469,5.43697e-163
11446491,16:53799507:G:A,16,53799507,1.24427e-199
11446492,16:53799847:G:A,16,53799847,1.75224e-199
11446493,16:53799905:A:G,16,53799905,1.80086e-199
11446494,16:53799977:T:G,16,53799977,6.39588e-200
11446495,16:53799985:T:A,16,53799985,6.39229e-200
11446496,16:53800200:C:T,16,53800200,6.46971e-200
11446497,16:53800272:T:C,16,53800272,1.17485e-89
11446498,16:53800387:A:G,16,53800387,1.04839e-98
11446499,16:53800568:G:A,16,53800568,6.594649999999999e-200
11446502,16:53800629:C:G,16,53800629,7.01634e-200
11446503,16:53800754:G:A,16,53800754,5.32819e-200
11446504,16:53800954:T:C,16,53800954,1.56976e-219
11446506,16:53801343:C:A,16,53801343,4.88342e-200
11446508,16:53801549:C:T,16,53801549,4.6128999999999996e-200
11446509,16:53801985:C:T,16,53801985,2.18257e-200
11446510,16:53802494:C:T,16,53802494,5.4652e-220
11446514,16:53803156:G:A,16,53803156,1.72518e-150
11446515,16:53803187:A:T,16,53803187,1.10854e-200
11446516,16:53803223:G:A,16,53803223,8.107390000000001e-220
11446519,16:53803574:T:A,16,53803574,8.18704e-220
11446520,16:53804340:C:T,16,53804340,1.8988e-150
11446523,16:53804965:T:C,16,53804965,2.11338e-150
11446525,16:53805207:C:A,16,53805207,1.87323e-200
11446526,16:53805344:C:G,16,53805344,4.98053e-12
11446533,16:53806145:T:C,16,53806145,9.827440000000001e-83
11446534,16:53806280:C:G,16,53806280,2.32661e-150
11446535,16:53806453:A:G,16,53806453,2.11484e-219
11446539,16:53807004:TA:T,16,53807004,1.8757599999999998e-21
11446540,16:53807005:AT:A,16,53807005,8.19578e-158
11446545,16:53807764:A:G,16,53807764,8.41225e-164
11446546,16:53808258:A:G,16,53808258,2.27612e-98
11446549,16:53809123:C:T,16,53809123,6.17144e-219
11446550,16:53809247:G:A,16,53809247,2.9991e-199
11446553,16:53809861:A:G,16,53809861,2.32233e-10
11446554,16:53810546:C:A,16,53810546,1.24882e-208
11446556,16:53810686:T:C,16,53810686,3.82124e-208
11446557,16:53810943:C:T,16,53810943,3.94689e-208
11446558,16:53811788:A:G,16,53811788,1.9141500000000001e-208
11446561,16:53812433:T:C,16,53812433,1.85712e-205
11446562,16:53812524:A:G,16,53812524,2.04602e-14
11446563,16:53812614:G:A,16,53812614,8.76931e-147
11446564,16:53812770:ATTTT:A,16,53812770,6.942540000000001e-206
11446565,16:53812783:TTTTG:T,16,53812783,1.33422e-200
11446567,16:53813367:T:G,16,53813367,1.64115e-205
11446568,16:53813450:A:T,16,53813450,1.8057600000000001e-205
11446569,16:53813498:C:T,16,53813498,2.90676e-08
11446575,16:53814363:G:T,16,53814363,1.1917500000000001e-207
11446576,16:53814470:C:T,16,53814470,1.00507e-12
11446579,16:53815161:T:G,16,53815161,3.85305e-139
11446580,16:53815435:T:C,16,53815435,3.33311e-207
11446581,16:53815706:CTGTT:C,16,53815706,2.07624e-15
11446583,16:53816275:C:A,16,53816275,5.4154e-206
11446584,16:53816647:G:C,16,53816647,3.80772e-97
11446585,16:53816752:A:G,16,53816752,6.24764e-206
11446587,16:53816838:G:A,16,53816838,1.34189e-206
11446590,16:53817318:G:A,16,53817318,1.19576e-42
11446591,16:53817514:C:CAT,16,53817514,6.40366e-11
11446593,16:53818167:T:C,16,53818167,2.1503699999999999e-187
11446594,16:53818460:G:T,16,53818460,5.845750000000001e-207
11446596,16:53818708:G:T,16,53818708,2.11038e-127
11446597,16:53818724:G:A,16,53818724,7.005070000000001e-206
11446599,16:53818813:A:G,16,53818813,1.63088e-187
11446600,16:53818834:A:G,16,53818834,5.84665e-206
11446601,16:53819169:T:C,16,53819169,6.76045e-206
11446602,16:53819198:G:C,16,53819198,6.77436e-206
11446603,16:53819367:G:A,16,53819367,7.4148e-206
11446605,16:53819771:G:A,16,53819771,9.05264e-206
11446606,16:53819877:C:T,16,53819877,1.1542600000000001e-205
11446607,16:53819893:A:G,16,53819893,1.1538000000000002e-205
11446609,16:53819937:A:T,16,53819937,1.18072e-205
11446611,16:53820066:T:C,16,53820066,1.1403800000000002e-205
11446613,16:53820503:G:A,16,53820503,8.738760000000001e-206
11446615,16:53820527:T:A,16,53820527,8.03677e-206
11446617,16:53820813:A:G,16,53820813,2.63124e-187
11446618,16:53820996:C:G,16,53820996,2.49515e-206
11446619,16:53821125:A:G,16,53821125,1.4583800000000001e-206
11446621,16:53821297:T:C,16,53821297,9.71649e-206
11446623,16:53821413:T:C,16,53821413,2.32828e-187
11446624,16:53821615:A:G,16,53821615,4.63174e-206
11446625,16:53821690:A:G,16,53821690,4.9638e-206
11446626,16:53821862:C:T,16,53821862,4.3767399999999996e-187
11446628,16:53822142:C:A,16,53822142,2.11473e-205
11446629,16:53822169:AT:A,16,53822169,4.179070000000001e-176
11446630,16:53822183:C:T,16,53822183,2.11686e-205
11446631,16:53822237:A:G,16,53822237,2.02375e-205
11446632,16:53822239:A:G,16,53822239,2.17164e-205
11446634,16:53822387:C:T,16,53822387,4.20672e-206
11446635,16:53822440:G:A,16,53822440,2.8185e-205
11446636,16:53822502:T:G,16,53822502,2.4263000000000002e-205
11446637,16:53822514:CAAA:C,16,53822514,2.24975e-204
11446638,16:53822651:A:G,16,53822651,2.62276e-205
11446641,16:53823683:C:T,16,53823683,5.74126e-13
11446642,16:53823685:C:T,16,53823685,3.37158e-13
11446643,16:53823718:G:A,16,53823718,1.99544e-96
11446644,16:53823727:T:C,16,53823727,1.20076e-205
11446645,16:53823745:T:G,16,53823745,1.75684e-12
11446646,16:53823776:GTA:G,16,53823776,7.37703e-13
11446647,16:53823878:T:C,16,53823878,3.5978700000000005e-141
11446648,16:53823990:C:T,16,53823990,2.67814e-141
11446649,16:53824007:G:A,16,53824007,3.41017e-138
11446650,16:53824063:AT:A,16,53824063,6.02723e-13
11446651,16:53824226:A:G,16,53824226,7.09507e-194
11446658,16:53825488:C:T,16,53825488,3.8580899999999997e-187
11446659,16:53825905:G:A,16,53825905,2.9279200000000003e-205
11446660,16:53825987:CA:C,16,53825987,5.10478e-57
11446661,16:53826000:A:T,16,53826000,3.8329e-70
11446662,16:53826028:T:C,16,53826028,5.98631e-187
11446663,16:53826034:T:C,16,53826034,8.025910000000001e-63
11446665,16:53827179:C:G,16,53827179,4.68711e-187
11446666,16:53827479:A:G,16,53827479,1.53969e-205
11446667,16:53827487:C:T,16,53827487,3.91609e-10
11446670,16:53827962:A:G,16,53827962,1.25527e-205
11446671,16:53828037:C:T,16,53828037,4.31022e-10
11446672,16:53828066:C:T,16,53828066,2.2446e-205
11446675,16:53828752:A:G,16,53828752,9.542e-96
11446677,16:53828968:T:C,16,53828968,6.06211e-11
11446682,16:53829963:T:TTC,16,53829963,3.54225e-171
11446683,16:53830055:C:G,16,53830055,5.1972100000000005e-189
11446685,16:53830198:G:T,16,53830198,1.81962e-80
11446686,16:53830452:A:G,16,53830452,3.58034e-171
11446687,16:53830465:A:G,16,53830465,7.51375e-172
11446688,16:53830491:T:C,16,53830491,3.5928699999999998e-171
11446689,16:53830867:T:A,16,53830867,1.37514e-171
11446690,16:53830877:C:G,16,53830877,2.21877e-12
11446691,16:53831146:C:T,16,53831146,7.00128e-172
11446692,16:53831354:C:T,16,53831354,6.40527e-189
11446693,16:53831771:G:T,16,53831771,2.11977e-172
11446699,16:53833666:G:A,16,53833666,9.13622e-11
11446700,16:53834508:T:C,16,53834508,1.9670399999999998e-88
11446701,16:53834607:T:C,16,53834607,2.38696e-187
11446702,16:53834608:G:A,16,53834608,7.41485e-189
11446704,16:53834684:A:C,16,53834684,1.34432e-14
11446706,16:53834761:A:ATT,16,53834761,9.63951e-13
11446711,16:53835825:C:T,16,53835825,8.94039e-11
11446718,16:53837144:G:T,16,53837144,1.02039e-188
11446719,16:53837342:A:G,16,53837342,3.40605e-188
11446720,16:53837369:C:T,16,53837369,0.000631891
11446725,16:53838295:T:G,16,53838295,8.79859e-11
11446727,16:53838658:G:A,16,53838658,1.25317e-12
11446731,16:53839355:GT:G,16,53839355,1.76085e-23
11446732,16:53839422:T:C,16,53839422,7.481e-89
11446736,16:53840525:C:G,16,53840525,6.353419999999999e-188
11446740,16:53841177:A:G,16,53841177,8.150899999999999e-89
11446744,16:53842518:G:A,16,53842518,1.05324e-10
11446746,16:53842908:G:A,16,53842908,1.34661e-188
11446747,16:53843533:T:C,16,53843533,1.28191e-12
11446755,16:53844579:G:A,16,53844579,1.63248e-12
11446759,16:53845169:T:G,16,53845169,3.8470199999999997e-171
11446762,16:53845487:C:A,16,53845487,7.64093e-149
11446768,16:53848448:G:T,16,53848448,1.51148e-05
11446769,16:53848561:A:G,16,53848561,1.5944499999999999e-103
11446772,16:53849803:C:T,16,53849803,0.00098455
11446773,16:53850079:G:A,16,53850079,2.7755e-06
11446774,16:53850170:A:G,16,53850170,0.000388931
11446778,16:53850868:T:C,16,53850868,0.20432
11446779,16:53850903:C:T,16,53850903,0.402781
11446780,16:53851304:G:A,16,53851304,0.88543
11446781,16:53851487:AT:A,16,53851487,0.446179
11446783,16:53853207:A:G,16,53853207,4.32683e-16
11446784,16:53853229:A:G,16,53853229,5.68599e-16
11446785,16:53853293:A:G,16,53853293,3.01019e-10
11446786,16:53853309:C:T,16,53853309,0.453157
11446788,16:53853415:C:T,16,53853415,1.98049e-10
11446789,16:53853898:A:G,16,53853898,6.63771e-16
11446790,16:53853987:C:G,16,53853987,5.65874e-12
11446791,16:53854165:G:C,16,53854165,1.32171e-15
11446793,16:53854498:A:G,16,53854498,1.69601e-16
11446794,16:53854688:G:A,16,53854688,6.61116e-16
11446796,16:53854764:G:C,16,53854764,5.73019e-12
11446797,16:53855291:A:T,16,53855291,1.50126e-15
11446798,16:53855600:A:G,16,53855600,0.644298
11446800,16:53855925:C:T,16,53855925,0.505582
11446804,16:53856438:G:A,16,53856438,0.509714
11446807,16:53857263:C:T,16,53857263,0.61886
11446811,16:53858024:C:T,16,53858024,0.621794
11446812,16:53858382:G:A,16,53858382,0.628825
11446813,16:53858583:A:G,16,53858583,6.96691e-15
11446814,16:53858777:T:A,16,53858777,0.643552
11446815,16:53858912:C:T,16,53858912,0.642814
11446816,16:53858954:T:C,16,53858954,0.64353
11446817,16:53858998:A:G,16,53858998,7.04327e-15
11446820,16:53859359:C:A,16,53859359,0.646138
11446821,16:53859518:A:C,16,53859518,7.2802e-15
11446826,16:53860481:G:A,16,53860481,7.81656e-15
11446828,16:53860656:G:A,16,53860656,7.23999e-15
11446829,16:53860662:A:G,16,53860662,8.29389e-15
11446830,16:53860665:G:A,16,53860665,8.41057e-15
11446832,16:53861024:A:G,16,53861024,1.62346e-10
11446833,16:53861101:C:CT,16,53861101,3.61176e-10
11446834,16:53861139:C:T,16,53861139,6.81981e-15
11446835,16:53861543:C:G,16,53861543,2.36451e-07
11446836,16:53861592:G:A,16,53861592,0.530337
11446837,16:53861922:C:G,16,53861922,4.78696e-15
11446840,16:53862212:A:G,16,53862212,4.67135e-15
11446841,16:53862262:G:A,16,53862262,4.88641e-15
11446842,16:53862366:A:G,16,53862366,4.67712e-15
11446844,16:53862831:G:A,16,53862831,4.65533e-15
11446846,16:53862871:C:T,16,53862871,1.05546e-11
11446847,16:53862888:C:T,16,53862888,0.634259
11446848,16:53864400:C:T,16,53864400,0.619755
11446850,16:53864764:CG:C,16,53864764,1.42759e-11
11446854,16:53865226:G:C,16,53865226,4.5883e-15
11446856,16:53865368:A:AG,16,53865368,4.84424e-15
11446857,16:53865701:A:G,16,53865701,8.12512e-12
11446859,16:53865975:C:T,16,53865975,3.37715e-25
11446860,16:53866287:T:C,16,53866287,2.33512e-10
11446861,16:53866445:C:T,16,53866445,0.00558242
11446863,16:53866609:T:G,16,53866609,6.21697e-21
11446864,16:53866767:T:C,16,53866767,0.061717
